Workbook

Sheet Produtos
A1: SKU | C1: Descrição | E1: Categoria | G1: Venda Mensal | I1: Preço unit
A2: ARZ-001 | C2: Arroz Branco | E2: Cereal | G2: =RANDBETWEEN(50,1000) -> 68 | I2: =RANDBETWEEN(5,35)/2 -> 16
A3: ARZ-002 | C3: Arroz Parborizado | E3: Cereal | G3: =RANDBETWEEN(50,1000) -> 174 | I3: =RANDBETWEEN(5,35)/2 -> 16.5
A4: ARZ-003 | C4: Arroz Integral | E4: Cereal | G4: =RANDBETWEEN(50,1000) -> 691 | I4: =RANDBETWEEN(5,35)/2 -> 6
A5: MAC-001 | C5: Macarrão Fusilli | E5: Massa | G5: =RANDBETWEEN(50,1000) -> 321 | I5: =RANDBETWEEN(5,35)/2 -> 5.5
A6: MAC-002 | C6: Macarrão Penne | E6: Massa | G6: =RANDBETWEEN(50,1000) -> 957 | I6: =RANDBETWEEN(5,35)/2 -> 6.5
A7: MAC-003 | C7: Macarrão Spaghetti | E7: Massa | G7: =RANDBETWEEN(50,1000) -> 246 | I7: =RANDBETWEEN(5,35)/2 -> 2.5
A8: FEI-001 | C8: Feijão Carioca | E8: Leguminosa | G8: =RANDBETWEEN(50,1000) -> 878 | I8: =RANDBETWEEN(5,35)/2 -> 3.5
A9: FEI-002 | C9: Feijão Preto | E9: Leguminosa | G9: =RANDBETWEEN(50,1000) -> 431 | I9: =RANDBETWEEN(5,35)/2 -> 16.5
A10: FEI-003 | C10: Feijão Branco | E10: Leguminosa | G10: =RANDBETWEEN(50,1000) -> 123 | I10: =RANDBETWEEN(5,35)/2 -> 9.5
A11: CX-CREM-LEITE-001 | C11: Caixa Creme deLeite A | E11: Laticínio | G11: =RANDBETWEEN(50,1000) -> 409 | I11: =RANDBETWEEN(5,35)/2 -> 9.5
A12: CX-CREM-LEITE-002 | C12: Caixa Creme deLeite B | E12: Laticínio | G12: =RANDBETWEEN(50,1000) -> 108 | I12: =RANDBETWEEN(5,35)/2 -> 9
A13: CX-CREM-LEITE-003 | C13: Caixa Creme deLeite C | E13: Laticínio | G13: =RANDBETWEEN(50,1000) -> 124 | I13: =RANDBETWEEN(5,35)/2 -> 15.5
... A40: BISC-003 | C40: Biscoito C | E40: Biscoitos recheados | G40: =RANDBETWEEN(50,1000) -> 844 | I40: =RANDBETWEEN(5,35)/2 -> 5.5

Sheet Movimentação
A1: Data | C1: Data | E1: Lead time | G1: SKU | I1: Tipo | K1: Quant Atual | M1: Quant | O1: N° Doc
A2: =TODAY()+RANDBETWEEN(-30,-25) -> 46006 | C2: =TODAY()+RANDBETWEEN(-6,1) -> 46031 | E2: =DATEDIF(A2,C2,"md") -> 25 | G2: =Produtos!A2 -> ARZ-001 | I2: =Produtos!E2 -> Cereal | K2: =RANDBETWEEN(100,999) -> 225 | M2: =RANDBETWEEN(10,1000) -> 54 | O2: =+RANDBETWEEN(100,500) -> 473
A3: =TODAY()+RANDBETWEEN(-30,-25) -> 46011 | C3: =TODAY()+RANDBETWEEN(-6,1) -> 46034 | E3: =DATEDIF(A3,C3,"md") -> 23 | G3: =Produtos!A3 -> ARZ-002 | I3: =Produtos!E3 -> Cereal | K3: =RANDBETWEEN(100,999) -> 832 | M3: =RANDBETWEEN(10,1000) -> 481 | O3: =+RANDBETWEEN(100,500) -> 191
A4: =TODAY()+RANDBETWEEN(-30,-25) -> 46008 | C4: =TODAY()+RANDBETWEEN(-6,1) -> 46031 | E4: =DATEDIF(A4,C4,"md") -> 23 | G4: =Produtos!A4 -> ARZ-003 | I4: =Produtos!E4 -> Cereal | K4: =RANDBETWEEN(100,999) -> 963 | M4: =RANDBETWEEN(10,1000) -> 968 | O4: =+RANDBETWEEN(100,500) -> 107
A5: =TODAY()+RANDBETWEEN(-30,-25) -> 46007 | C5: =TODAY()+RANDBETWEEN(-6,1) -> 46035 | E5: =DATEDIF(A5,C5,"md") -> 28 | G5: =Produtos!A5 -> MAC-001 | I5: =Produtos!E5 -> Massa | K5: =RANDBETWEEN(100,999) -> 630 | M5: =RANDBETWEEN(10,1000) -> 479 | O5: =+RANDBETWEEN(100,500) -> 419
A6: =TODAY()+RANDBETWEEN(-30,-25) -> 46007 | C6: =TODAY()+RANDBETWEEN(-6,1) -> 46033 | E6: =DATEDIF(A6,C6,"md") -> 26 | G6: =Produtos!A6 -> MAC-002 | I6: =Produtos!E6 -> Massa | K6: =RANDBETWEEN(100,999) -> 828 | M6: =RANDBETWEEN(10,1000) -> 897 | O6: =+RANDBETWEEN(100,500) -> 129
A7: =TODAY()+RANDBETWEEN(-30,-25) -> 46008 | C7: =TODAY()+RANDBETWEEN(-6,1) -> 46034 | E7: =DATEDIF(A7,C7,"md") -> 26 | G7: =Produtos!A7 -> MAC-003 | I7: =Produtos!E7 -> Massa | K7: =RANDBETWEEN(100,999) -> 351 | M7: =RANDBETWEEN(10,1000) -> 48 | O7: =+RANDBETWEEN(100,500) -> 352
A8: =TODAY()+RANDBETWEEN(-30,-25) -> 46011 | C8: =TODAY()+RANDBETWEEN(-6,1) -> 46037 | E8: =DATEDIF(A8,C8,"md") -> 26 | G8: =Produtos!A8 -> FEI-001 | I8: =Produtos!E8 -> Leguminosa | K8: =RANDBETWEEN(100,999) -> 627 | M8: =RANDBETWEEN(10,1000) -> 467 | O8: =+RANDBETWEEN(100,500) -> 440
A9: =TODAY()+RANDBETWEEN(-30,-25) -> 46006 | C9: =TODAY()+RANDBETWEEN(-6,1) -> 46033 | E9: =DATEDIF(A9,C9,"md") -> 27 | G9: =Produtos!A9 -> FEI-002 | I9: =Produtos!E9 -> Leguminosa | K9: =RANDBETWEEN(100,999) -> 642 | M9: =RANDBETWEEN(10,1000) -> 547 | O9: =+RANDBETWEEN(100,500) -> 245
A10: =TODAY()+RANDBETWEEN(-30,-25) -> 46011 | C10: =TODAY()+RANDBETWEEN(-6,1) -> 46032 | E10: =DATEDIF(A10,C10,"md") -> 21 | G10: =Produtos!A10 -> FEI-003 | I10: =Produtos!E10 -> Leguminosa | K10: =RANDBETWEEN(100,999) -> 452 | M10: =RANDBETWEEN(10,1000) -> 445 | O10: =+RANDBETWEEN(100,500) -> 499
A11: =TODAY()+RANDBETWEEN(-30,-25) -> 46007 | C11: =TODAY()+RANDBETWEEN(-6,1) -> 46035 | E11: =DATEDIF(A11,C11,"md") -> 28 | G11: =Produtos!A11 -> CX-CREM-LEITE-001 | I11: =Produtos!E11 -> Laticínio | K11: =RANDBETWEEN(100,999) -> 445 | M11: =RANDBETWEEN(10,1000) -> 255 | O11: =+RANDBETWEEN(100,500) -> 198
A12: =TODAY()+RANDBETWEEN(-30,-25) -> 46008 | C12: =TODAY()+RANDBETWEEN(-6,1) -> 46033 | E12: =DATEDIF(A12,C12,"md") -> 25 | G12: =Produtos!A12 -> CX-CREM-LEITE-002 | I12: =Produtos!E12 -> Laticínio | K12: =RANDBETWEEN(100,999) -> 336 | M12: =RANDBETWEEN(10,1000) -> 978 | O12: =+RANDBETWEEN(100,500) -> 219
A13: =TODAY()+RANDBETWEEN(-30,-25) -> 46008 | C13: =TODAY()+RANDBETWEEN(-6,1) -> 46034 | E13: =DATEDIF(A13,C13,"md") -> 26 | G13: =Produtos!A13 -> CX-CREM-LEITE-003 | I13: =Produtos!E13 -> Laticínio | K13: =RANDBETWEEN(100,999) -> 768 | M13: =RANDBETWEEN(10,1000) -> 894 | O13: =+RANDBETWEEN(100,500) -> 277
... A40: =TODAY()+RANDBETWEEN(-30,-25) -> 46009 | C40: =TODAY()+RANDBETWEEN(-6,1) -> 46034 | E40: =DATEDIF(A40,C40,"md") -> 25 | G40: =Produtos!A40 -> BISC-003 | I40: =Produtos!E40 -> Biscoitos recheados | K40: =RANDBETWEEN(100,999) -> 340 | M40: =RANDBETWEEN(10,1000) -> 955 | O40: =+RANDBETWEEN(100,500) -> 217
A41: =TODAY()+RANDBETWEEN(-30,-25) -> 46006 | C41: =TODAY()+RANDBETWEEN(-6,1) -> 46032 | E41: =DATEDIF(A41,C41,"md") -> 26 | G41: =Produtos!A9 -> FEI-002 | I41: =Produtos!E9 -> Leguminosa | K41: =RANDBETWEEN(100,999) -> 278 | M41: =RANDBETWEEN(10,1000) -> 396 | O41: =+RANDBETWEEN(100,500) -> 214
A42: =TODAY()+RANDBETWEEN(-30,-25) -> 46010 | C42: =TODAY()+RANDBETWEEN(-6,1) -> 46035 | E42: =DATEDIF(A42,C42,"md") -> 25 | G42: =Produtos!A10 -> FEI-003 | I42: =Produtos!E10 -> Leguminosa | K42: =RANDBETWEEN(100,999) -> 934 | M42: =RANDBETWEEN(10,1000) -> 785 | O42: =+RANDBETWEEN(100,500) -> 242
A43: =TODAY()+RANDBETWEEN(-30,-25) -> 46011 | C43: =TODAY()+RANDBETWEEN(-6,1) -> 46035 | E43: =DATEDIF(A43,C43,"md") -> 24 | G43: =Produtos!A11 -> CX-CREM-LEITE-001 | I43: =Produtos!E11 -> Laticínio | K43: =RANDBETWEEN(100,999) -> 545 | M43: =RANDBETWEEN(10,1000) -> 257 | O43: =+RANDBETWEEN(100,500) -> 457
A44: =TODAY()+RANDBETWEEN(-30,-25) -> 46009 | C44: =TODAY()+RANDBETWEEN(-6,1) -> 46035 | E44: =DATEDIF(A44,C44,"md") -> 26 | G44: =Produtos!A12 -> CX-CREM-LEITE-002 | I44: =Produtos!E12 -> Laticínio | K44: =RANDBETWEEN(100,999) -> 244 | M44: =RANDBETWEEN(10,1000) -> 685 | O44: =+RANDBETWEEN(100,500) -> 246
A45: =TODAY()+RANDBETWEEN(-30,-25) -> 46007 | C45: =TODAY()+RANDBETWEEN(-6,1) -> 46035 | E45: =DATEDIF(A45,C45,"md") -> 28 | G45: =Produtos!A13 -> CX-CREM-LEITE-003 | I45: =Produtos!E13 -> Laticínio | K45: =RANDBETWEEN(100,999) -> 816 | M45: =RANDBETWEEN(10,1000) -> 550 | O45: =+RANDBETWEEN(100,500) -> 433
A46: =TODAY()+RANDBETWEEN(-30,-25) -> 46008 | C46: =TODAY()+RANDBETWEEN(-6,1) -> 46036 | E46: =DATEDIF(A46,C46,"md") -> 28 | G46: =Produtos!A14 -> LT-CREM-LEITE-001 | I46: =Produtos!E14 -> Laticínio | K46: =RANDBETWEEN(100,999) -> 226 | M46: =RANDBETWEEN(10,1000) -> 104 | O46: =+RANDBETWEEN(100,500) -> 470
A47: =TODAY()+RANDBETWEEN(-30,-25) -> 46010 | C47: =TODAY()+RANDBETWEEN(-6,1) -> 46030 | E47: =DATEDIF(A47,C47,"md") -> 20 | G47: =Produtos!A15 -> LT-CREM-LEITE-002 | I47: =Produtos!E15 -> Laticínio | K47: =RANDBETWEEN(100,999) -> 847 | M47: =RANDBETWEEN(10,1000) -> 567 | O47: =+RANDBETWEEN(100,500) -> 183
A48: =TODAY()+RANDBETWEEN(-30,-25) -> 46010 | C48: =TODAY()+RANDBETWEEN(-6,1) -> 46035 | E48: =DATEDIF(A48,C48,"md") -> 25 | G48: =Produtos!A16 -> LT-CREM-LEITE-003 | I48: =Produtos!E16 -> Laticínio | K48: =RANDBETWEEN(100,999) -> 399 | M48: =RANDBETWEEN(10,1000) -> 766 | O48: =+RANDBETWEEN(100,500) -> 381
A49: =TODAY()+RANDBETWEEN(-30,-25) -> 46008 | C49: =TODAY()+RANDBETWEEN(-6,1) -> 46033 | E49: =DATEDIF(A49,C49,"md") -> 25 | G49: =Produtos!A17 -> CX-LEITE-COND-001 | I49: =Produtos!E17 -> Produtos lácteos | K49: =RANDBETWEEN(100,999) -> 774 | M49: =RANDBETWEEN(10,1000) -> 190 | O49: =+RANDBETWEEN(100,500) -> 170
A50: =TODAY()+RANDBETWEEN(-30,-25) -> 46010 | C50: =TODAY()+RANDBETWEEN(-6,1) -> 46034 | E50: =DATEDIF(A50,C50,"md") -> 24 | G50: =Produtos!A18 -> CX-LEITE-COND-002 | I50: =Produtos!E18 -> Produtos lácteos | K50: =RANDBETWEEN(100,999) -> 479 | M50: =RANDBETWEEN(10,1000) -> 435 | O50: =+RANDBETWEEN(100,500) -> 160

Sheet Planilha_Vendas
A1: SKU | C1: Quant Vendida | E1: Valor Uni | G1: Valor Total
A2: =Produtos!A2 -> ARZ-001 | C2: =Produtos!G2 -> 68 | E2: =Produtos!I2 -> 16 | G2: =C2*E2 -> 1088 | K2: Data atual
A3: =Produtos!A3 -> ARZ-002 | C3: =RANDBETWEEN(8,150) -> 27 | E3: =Produtos!I3 -> 16.5 | G3: =C3*E3 -> 445.5 | K3: =TODAY() -> 46036
A4: =Produtos!A4 -> ARZ-003 | C4: =RANDBETWEEN(8,150) -> 32 | E4: =Produtos!I4 -> 6 | G4: =C4*E4 -> 192
A5: =Produtos!A5 -> MAC-001 | C5: =RANDBETWEEN(8,150) -> 69 | E5: =Produtos!I5 -> 5.5 | G5: =C5*E5 -> 379.5
A6: =Produtos!A6 -> MAC-002 | C6: =RANDBETWEEN(8,150) -> 144 | E6: =Produtos!I6 -> 6.5 | G6: =C6*E6 -> 936
A7: =Produtos!A7 -> MAC-003 | C7: =RANDBETWEEN(8,150) -> 111 | E7: =Produtos!I7 -> 2.5 | G7: =C7*E7 -> 277.5
A8: =Produtos!A8 -> FEI-001 | C8: =RANDBETWEEN(8,150) -> 22 | E8: =Produtos!I8 -> 3.5 | G8: =C8*E8 -> 77
A9: =Produtos!A9 -> FEI-002 | C9: =RANDBETWEEN(8,150) -> 82 | E9: =Produtos!I9 -> 16.5 | G9: =C9*E9 -> 1353
A10: =Produtos!A10 -> FEI-003 | C10: =RANDBETWEEN(8,150) -> 112 | E10: =Produtos!I10 -> 9.5 | G10: =C10*E10 -> 1064
A11: =Produtos!A11 -> CX-CREM-LEITE-001 | C11: =RANDBETWEEN(8,150) -> 116 | E11: =Produtos!I11 -> 9.5 | G11: =C11*E11 -> 1102
A12: =Produtos!A12 -> CX-CREM-LEITE-002 | C12: =RANDBETWEEN(8,150) -> 87 | E12: =Produtos!I12 -> 9 | G12: =C12*E12 -> 783
A13: =Produtos!A13 -> CX-CREM-LEITE-003 | C13: =RANDBETWEEN(8,150) -> 39 | E13: =Produtos!I13 -> 15.5 | G13: =C13*E13 -> 604.5
A14: =Produtos!A14 -> LT-CREM-LEITE-001 | C14: =RANDBETWEEN(8,150) -> 73 | E14: =Produtos!I14 -> 11 | G14: =C14*E14 -> 803
A15: =Produtos!A15 -> LT-CREM-LEITE-002 | C15: =RANDBETWEEN(8,150) -> 54 | E15: =Produtos!I15 -> 6 | G15: =C15*E15 -> 324
... A40: =Produtos!A40 -> BISC-003 | C40: =RANDBETWEEN(8,150) -> 58 | E40: =Produtos!I40 -> 5.5 | G40: =C40*E40 -> 319
A41: =Produtos!A16 -> LT-CREM-LEITE-003 | C41: =RANDBETWEEN(8,150) -> 99 | E41: =Produtos!I16 -> 8 | G41: =C41*E41 -> 792
A42: =Produtos!A17 -> CX-LEITE-COND-001 | C42: =RANDBETWEEN(8,150) -> 135 | E42: =Produtos!I17 -> 16.5 | G42: =C42*E42 -> 2227.5
A43: =Produtos!A18 -> CX-LEITE-COND-002 | C43: =RANDBETWEEN(8,150) -> 91 | E43: =Produtos!I18 -> 13 | G43: =C43*E43 -> 1183
A44: =Produtos!A19 -> CX-LEITE-COND-003 | C44: =RANDBETWEEN(8,150) -> 132 | E44: =Produtos!I19 -> 15.5 | G44: =C44*E44 -> 2046
A45: =Produtos!A20 -> LT-LEITE-COND-001 | C45: =RANDBETWEEN(8,150) -> 95 | E45: =Produtos!I20 -> 17 | G45: =C45*E45 -> 1615
A46: =Produtos!A21 -> LT-LEITE-COND-002 | C46: =RANDBETWEEN(8,150) -> 11 | E46: =Produtos!I21 -> 9 | G46: =C46*E46 -> 99
A47: =Produtos!A22 -> LT-LEITE-COND-003 | C47: =RANDBETWEEN(8,150) -> 123 | E47: =Produtos!I22 -> 4.5 | G47: =C47*E47 -> 553.5
A48: =Produtos!A23 -> PT-FRANG-001 | C48: =RANDBETWEEN(8,150) -> 109 | E48: =Produtos!I23 -> 15 | G48: =C48*E48 -> 1635
A49: =Produtos!A24 -> PT-FRANG-002 | C49: =RANDBETWEEN(8,150) -> 135 | E49: =Produtos!I24 -> 4.5 | G49: =C49*E49 -> 607.5
A50: =Produtos!A25 -> PT-FRANG-003 | C50: =RANDBETWEEN(8,150) -> 51 | E50: =Produtos!I25 -> 5 | G50: =C50*E50 -> 255

Sheet Movimentação_Meses
A1: SKU | C1: Jan | E1: Fev | G1: Mar | I1: Abr | K1: Mai | M1: Jun
A2: =Movimentação!G2 -> ARZ-001 | C2: =RANDBETWEEN(150,999) -> 854 | E2: =RANDBETWEEN(150,999) -> 414 | G2: =RANDBETWEEN(150,999) -> 924 | I2: =RANDBETWEEN(150,999) -> 631 | K2: =RANDBETWEEN(150,999) -> 488 | M2: =RANDBETWEEN(150,999) -> 272
A3: =Movimentação!G3 -> ARZ-002 | C3: =RANDBETWEEN(150,999) -> 202 | E3: =RANDBETWEEN(150,999) -> 334 | G3: =RANDBETWEEN(150,999) -> 863 | I3: =RANDBETWEEN(150,999) -> 710 | K3: =RANDBETWEEN(150,999) -> 366 | M3: =RANDBETWEEN(150,999) -> 692
A4: =Movimentação!G4 -> ARZ-003 | C4: =RANDBETWEEN(150,999) -> 389 | E4: =RANDBETWEEN(150,999) -> 787 | G4: =RANDBETWEEN(150,999) -> 419 | I4: =RANDBETWEEN(150,999) -> 641 | K4: =RANDBETWEEN(150,999) -> 710 | M4: =RANDBETWEEN(150,999) -> 152
A5: =Movimentação!G5 -> MAC-001 | C5: =RANDBETWEEN(150,999) -> 765 | E5: =RANDBETWEEN(150,999) -> 523 | G5: =RANDBETWEEN(150,999) -> 195 | I5: =RANDBETWEEN(150,999) -> 842 | K5: =RANDBETWEEN(150,999) -> 968 | M5: =RANDBETWEEN(150,999) -> 498
A6: =Movimentação!G6 -> MAC-002 | C6: =RANDBETWEEN(150,999) -> 432 | E6: =RANDBETWEEN(150,999) -> 560 | G6: =RANDBETWEEN(150,999) -> 734 | I6: =RANDBETWEEN(150,999) -> 738 | K6: =RANDBETWEEN(150,999) -> 614 | M6: =RANDBETWEEN(150,999) -> 546
A7: =Movimentação!G7 -> MAC-003 | C7: =RANDBETWEEN(150,999) -> 813 | E7: =RANDBETWEEN(150,999) -> 183 | G7: =RANDBETWEEN(150,999) -> 606 | I7: =RANDBETWEEN(150,999) -> 442 | K7: =RANDBETWEEN(150,999) -> 564 | M7: =RANDBETWEEN(150,999) -> 368
A8: =Movimentação!G8 -> FEI-001 | C8: =RANDBETWEEN(150,999) -> 568 | E8: =RANDBETWEEN(150,999) -> 731 | G8: =RANDBETWEEN(150,999) -> 585 | I8: =RANDBETWEEN(150,999) -> 903 | K8: =RANDBETWEEN(150,999) -> 926 | M8: =RANDBETWEEN(150,999) -> 803
A9: =Movimentação!G9 -> FEI-002 | C9: =RANDBETWEEN(150,999) -> 766 | E9: =RANDBETWEEN(150,999) -> 622 | G9: =RANDBETWEEN(150,999) -> 430 | I9: =RANDBETWEEN(150,999) -> 574 | K9: =RANDBETWEEN(150,999) -> 901 | M9: =RANDBETWEEN(150,999) -> 856
A10: =Movimentação!G10 -> FEI-003 | C10: =RANDBETWEEN(150,999) -> 676 | E10: =RANDBETWEEN(150,999) -> 835 | G10: =RANDBETWEEN(150,999) -> 556 | I10: =RANDBETWEEN(150,999) -> 783 | K10: =RANDBETWEEN(150,999) -> 302 | M10: =RANDBETWEEN(150,999) -> 277
A11: =Movimentação!G11 -> CX-CREM-LEITE-001 | C11: =RANDBETWEEN(150,999) -> 869 | E11: =RANDBETWEEN(150,999) -> 891 | G11: =RANDBETWEEN(150,999) -> 992 | I11: =RANDBETWEEN(150,999) -> 601 | K11: =RANDBETWEEN(150,999) -> 156 | M11: =RANDBETWEEN(150,999) -> 939
A12: =Movimentação!G12 -> CX-CREM-LEITE-002 | C12: =RANDBETWEEN(150,999) -> 822 | E12: =RANDBETWEEN(150,999) -> 343 | G12: =RANDBETWEEN(150,999) -> 412 | I12: =RANDBETWEEN(150,999) -> 237 | K12: =RANDBETWEEN(150,999) -> 267 | M12: =RANDBETWEEN(150,999) -> 521
A13: =Movimentação!G13 -> CX-CREM-LEITE-003 | C13: =RANDBETWEEN(150,999) -> 499 | E13: =RANDBETWEEN(150,999) -> 171 | G13: =RANDBETWEEN(150,999) -> 167 | I13: =RANDBETWEEN(150,999) -> 893 | K13: =RANDBETWEEN(150,999) -> 919 | M13: =RANDBETWEEN(150,999) -> 592
... A50: =Movimentação!G50 -> CX-LEITE-COND-002 | C50: =RANDBETWEEN(150,999) -> 551 | E50: =RANDBETWEEN(150,999) -> 855 | G50: =RANDBETWEEN(150,999) -> 226 | I50: =RANDBETWEEN(150,999) -> 364 | K50: =RANDBETWEEN(150,999) -> 677 | M50: =RANDBETWEEN(150,999) -> 962
